--
-- PostgreSQL database dump
--

-- Dumped from database version 9.5.3
-- Dumped by pg_dump version 9.5.3

-- Started on 2016-06-11 16:51:56

SET statement_timeout = 0;
SET lock_timeout = 0;
SET client_encoding = 'UTF8';
SET standard_conforming_strings = on;
SET check_function_bodies = false;
SET client_min_messages = warning;
SET row_security = off;

--
-- TOC entry 1 (class 3079 OID 12355)
-- Name: plpgsql; Type: EXTENSION; Schema: -; Owner: 
--

CREATE EXTENSION IF NOT EXISTS plpgsql WITH SCHEMA pg_catalog;


--
-- TOC entry 2169 (class 0 OID 0)
-- Dependencies: 1
-- Name: EXTENSION plpgsql; Type: COMMENT; Schema: -; Owner: 
--

COMMENT ON EXTENSION plpgsql IS 'PL/pgSQL procedural language';


SET search_path = public, pg_catalog;

SET default_tablespace = '';

SET default_with_oids = false;

--
-- TOC entry 188 (class 1259 OID 16437)
-- Name: esame; Type: TABLE; Schema: public; Owner: postgres
--

CREATE TABLE esame (
    id_paziente bigint NOT NULL,
    id_medico bigint NOT NULL,
    data_prenotazione timestamp(0) without time zone,
    data_esame date NOT NULL,
    id bigint NOT NULL,
    id_tipologiaesame bigint NOT NULL,
    id_risultato bigint
);


ALTER TABLE esame OWNER TO postgres;

--
-- TOC entry 187 (class 1259 OID 16435)
-- Name: esame_id; Type: SEQUENCE; Schema: public; Owner: postgres
--

CREATE SEQUENCE esame_id
    START WITH 1
    INCREMENT BY 1
    NO MINVALUE
    MAXVALUE 999999999999999999
    CACHE 1;


ALTER TABLE esame_id OWNER TO postgres;

--
-- TOC entry 185 (class 1259 OID 16417)
-- Name: medico; Type: TABLE; Schema: public; Owner: postgres
--

CREATE TABLE medico (
    id bigint NOT NULL,
    nome character varying,
    cognome character varying,
    specializzazione character varying
);


ALTER TABLE medico OWNER TO postgres;

--
-- TOC entry 184 (class 1259 OID 16409)
-- Name: medico_id; Type: SEQUENCE; Schema: public; Owner: postgres
--

CREATE SEQUENCE medico_id
    START WITH 1
    INCREMENT BY 1
    NO MINVALUE
    MAXVALUE 999999999999999999
    CACHE 1;


ALTER TABLE medico_id OWNER TO postgres;

--
-- TOC entry 189 (class 1259 OID 16452)
-- Name: risultato_esame; Type: TABLE; Schema: public; Owner: postgres
--

CREATE TABLE risultato_esame (
    id bigint NOT NULL,
    risultato_riga bigint
);


ALTER TABLE risultato_esame OWNER TO postgres;

--
-- TOC entry 190 (class 1259 OID 24709)
-- Name: risultato_esame_id; Type: SEQUENCE; Schema: public; Owner: postgres
--

CREATE SEQUENCE risultato_esame_id
    START WITH 1
    INCREMENT BY 1
    NO MINVALUE
    MAXVALUE 999999999999999999
    CACHE 1;


ALTER TABLE risultato_esame_id OWNER TO postgres;

--
-- TOC entry 192 (class 1259 OID 24715)
-- Name: risultato_esame_riga; Type: TABLE; Schema: public; Owner: postgres
--

CREATE TABLE risultato_esame_riga (
    id bigint NOT NULL,
    valore character varying,
    id_esame bigint
);


ALTER TABLE risultato_esame_riga OWNER TO postgres;

--
-- TOC entry 191 (class 1259 OID 24711)
-- Name: risultato_esame_riga_id; Type: SEQUENCE; Schema: public; Owner: postgres
--

CREATE SEQUENCE risultato_esame_riga_id
    START WITH 1
    INCREMENT BY 1
    NO MINVALUE
    MAXVALUE 999999999999999999
    CACHE 1;


ALTER TABLE risultato_esame_riga_id OWNER TO postgres;

--
-- TOC entry 186 (class 1259 OID 16427)
-- Name: tipologia_di_esame; Type: TABLE; Schema: public; Owner: postgres
--

CREATE TABLE tipologia_di_esame (
    id bigint NOT NULL,
    nome character varying,
    descrizione character varying,
    prerequisiti character varying,
    indicatore_risultati character varying,
    costo real
);


ALTER TABLE tipologia_di_esame OWNER TO postgres;

--
-- TOC entry 181 (class 1259 OID 16395)
-- Name: tipologia_esame_id; Type: SEQUENCE; Schema: public; Owner: postgres
--

CREATE SEQUENCE tipologia_esame_id
    START WITH 1
    INCREMENT BY 1
    NO MINVALUE
    MAXVALUE 999999999999999999
    CACHE 1;


ALTER TABLE tipologia_esame_id OWNER TO postgres;

--
-- TOC entry 183 (class 1259 OID 16399)
-- Name: utente; Type: TABLE; Schema: public; Owner: postgres
--

CREATE TABLE utente (
    nome character varying,
    cognome character varying,
    password character varying,
    role character varying,
    username character varying,
    id bigint NOT NULL
);


ALTER TABLE utente OWNER TO postgres;

--
-- TOC entry 182 (class 1259 OID 16397)
-- Name: utente_id; Type: SEQUENCE; Schema: public; Owner: postgres
--

CREATE SEQUENCE utente_id
    START WITH 1
    INCREMENT BY 1
    NO MINVALUE
    MAXVALUE 999999999999999999
    CACHE 1;


ALTER TABLE utente_id OWNER TO postgres;

--
-- TOC entry 2157 (class 0 OID 16437)
-- Dependencies: 188
-- Data for Name: esame; Type: TABLE DATA; Schema: public; Owner: postgres
--

COPY esame (id_paziente, id_medico, data_prenotazione, data_esame, id, id_tipologiaesame, id_risultato) FROM stdin;
2	1	2016-05-25 15:30:37	2016-05-28	1	1	\N
2	1	2016-05-25 18:35:06	2134-06-17	2	1	\N
4	2	2016-05-25 19:34:21	2016-05-26	3	4	\N
4	1	2016-05-25 19:36:47	2016-05-27	4	3	\N
\.


--
-- TOC entry 2170 (class 0 OID 0)
-- Dependencies: 187
-- Name: esame_id; Type: SEQUENCE SET; Schema: public; Owner: postgres
--

SELECT pg_catalog.setval('esame_id', 4, true);


--
-- TOC entry 2154 (class 0 OID 16417)
-- Dependencies: 185
-- Data for Name: medico; Type: TABLE DATA; Schema: public; Owner: postgres
--

COPY medico (id, nome, cognome, specializzazione) FROM stdin;
1	Armando	Bianchi	Ortopedia
2	Giuseppe	Adriani	Cardiologia
3	Maria	Izzo	Urologia
\.


--
-- TOC entry 2171 (class 0 OID 0)
-- Dependencies: 184
-- Name: medico_id; Type: SEQUENCE SET; Schema: public; Owner: postgres
--

SELECT pg_catalog.setval('medico_id', 3, true);


--
-- TOC entry 2158 (class 0 OID 16452)
-- Dependencies: 189
-- Data for Name: risultato_esame; Type: TABLE DATA; Schema: public; Owner: postgres
--

COPY risultato_esame (id, risultato_riga) FROM stdin;
\.


--
-- TOC entry 2172 (class 0 OID 0)
-- Dependencies: 190
-- Name: risultato_esame_id; Type: SEQUENCE SET; Schema: public; Owner: postgres
--

SELECT pg_catalog.setval('risultato_esame_id', 1, false);


--
-- TOC entry 2161 (class 0 OID 24715)
-- Dependencies: 192
-- Data for Name: risultato_esame_riga; Type: TABLE DATA; Schema: public; Owner: postgres
--

COPY risultato_esame_riga (id, valore, id_esame) FROM stdin;
\.


--
-- TOC entry 2173 (class 0 OID 0)
-- Dependencies: 191
-- Name: risultato_esame_riga_id; Type: SEQUENCE SET; Schema: public; Owner: postgres
--

SELECT pg_catalog.setval('risultato_esame_riga_id', 1, false);


--
-- TOC entry 2155 (class 0 OID 16427)
-- Dependencies: 186
-- Data for Name: tipologia_di_esame; Type: TABLE DATA; Schema: public; Owner: postgres
--

COPY tipologia_di_esame (id, nome, descrizione, prerequisiti, indicatore_risultati, costo) FROM stdin;
1	Emocromo	Esame emocromocitometrico.	digiuno 8	emoglobina, colesterolo	15.2399998
2	Radiografia	Radiografia. Se richiesta dal medico curante verrà specificata la zona in sede di esame. Fondamentale per rivelare microlesioni dell'apparato scheletrico e altro.	nessuno	referto medico	29.5
4	Esame delle urine	insieme di esami di laboratorio che consente di analizzare le caratteristiche chimiche e fisiche delle urine e del relativo sedimento. Esso permette di individuare o sospettare condizioni patologiche dei reni o delle vie urinarie, oltre che diverse malattie sistemiche.	nessuno	glucosio mg/l , proteine mg/l 	22.5
3	Elettrocardiogramma	Elettrocardiogramma sotto sforzo e a riposo. Utile per checkup annuali o per certificazioni agonistiche.	nessuno	referto medico	24
5	prova	prova	prova	prova	50
6	provetta	provona	provaccia	provina	23
7	a	b	c	d	0.0500000007
\.


--
-- TOC entry 2174 (class 0 OID 0)
-- Dependencies: 181
-- Name: tipologia_esame_id; Type: SEQUENCE SET; Schema: public; Owner: postgres
--

SELECT pg_catalog.setval('tipologia_esame_id', 7, true);


--
-- TOC entry 2152 (class 0 OID 16399)
-- Dependencies: 183
-- Data for Name: utente; Type: TABLE DATA; Schema: public; Owner: postgres
--

COPY utente (nome, cognome, password, role, username, id) FROM stdin;
Admin	Admin	admin	admin	admin	1
Maria Rosaria	Rossi	pass	paziente	maria.rosaria	2
Antonio	Marioli	pass	paziente	antonio.marioli	3
Stefania	Antonietti	pass	paziente	stefania.antonietti	4
\.


--
-- TOC entry 2175 (class 0 OID 0)
-- Dependencies: 182
-- Name: utente_id; Type: SEQUENCE SET; Schema: public; Owner: postgres
--

SELECT pg_catalog.setval('utente_id', 4, true);


--
-- TOC entry 2025 (class 2606 OID 16441)
-- Name: esame_pkey; Type: CONSTRAINT; Schema: public; Owner: postgres
--

ALTER TABLE ONLY esame
    ADD CONSTRAINT esame_pkey PRIMARY KEY (id);


--
-- TOC entry 2021 (class 2606 OID 16424)
-- Name: medico_pkey; Type: CONSTRAINT; Schema: public; Owner: postgres
--

ALTER TABLE ONLY medico
    ADD CONSTRAINT medico_pkey PRIMARY KEY (id);


--
-- TOC entry 2027 (class 2606 OID 24714)
-- Name: risultato_esame_pkey; Type: CONSTRAINT; Schema: public; Owner: postgres
--

ALTER TABLE ONLY risultato_esame
    ADD CONSTRAINT risultato_esame_pkey PRIMARY KEY (id);


--
-- TOC entry 2029 (class 2606 OID 24722)
-- Name: risultato_esame_riga_pkey; Type: CONSTRAINT; Schema: public; Owner: postgres
--

ALTER TABLE ONLY risultato_esame_riga
    ADD CONSTRAINT risultato_esame_riga_pkey PRIMARY KEY (id);


--
-- TOC entry 2023 (class 2606 OID 16434)
-- Name: tipologia_di_esame_pkey; Type: CONSTRAINT; Schema: public; Owner: postgres
--

ALTER TABLE ONLY tipologia_di_esame
    ADD CONSTRAINT tipologia_di_esame_pkey PRIMARY KEY (id);


--
-- TOC entry 2017 (class 2606 OID 16408)
-- Name: username; Type: CONSTRAINT; Schema: public; Owner: postgres
--

ALTER TABLE ONLY utente
    ADD CONSTRAINT username UNIQUE (username);


--
-- TOC entry 2019 (class 2606 OID 16426)
-- Name: utente_pkey; Type: CONSTRAINT; Schema: public; Owner: postgres
--

ALTER TABLE ONLY utente
    ADD CONSTRAINT utente_pkey PRIMARY KEY (id);


--
-- TOC entry 2030 (class 2606 OID 16442)
-- Name: esame_id_medico_fkey; Type: FK CONSTRAINT; Schema: public; Owner: postgres
--

ALTER TABLE ONLY esame
    ADD CONSTRAINT esame_id_medico_fkey FOREIGN KEY (id_medico) REFERENCES medico(id);


--
-- TOC entry 2031 (class 2606 OID 16447)
-- Name: esame_id_paziente_fkey; Type: FK CONSTRAINT; Schema: public; Owner: postgres
--

ALTER TABLE ONLY esame
    ADD CONSTRAINT esame_id_paziente_fkey FOREIGN KEY (id_paziente) REFERENCES utente(id);


--
-- TOC entry 2033 (class 2606 OID 24723)
-- Name: esame_id_risultato_fkey; Type: FK CONSTRAINT; Schema: public; Owner: postgres
--

ALTER TABLE ONLY esame
    ADD CONSTRAINT esame_id_risultato_fkey FOREIGN KEY (id_risultato) REFERENCES risultato_esame(id);


--
-- TOC entry 2032 (class 2606 OID 16536)
-- Name: esame_id_tipologiaEsame_fkey; Type: FK CONSTRAINT; Schema: public; Owner: postgres
--

ALTER TABLE ONLY esame
    ADD CONSTRAINT "esame_id_tipologiaEsame_fkey" FOREIGN KEY (id_tipologiaesame) REFERENCES tipologia_di_esame(id);


--
-- TOC entry 2035 (class 2606 OID 24733)
-- Name: risultato_esame_riga_id_esame_fkey; Type: FK CONSTRAINT; Schema: public; Owner: postgres
--

ALTER TABLE ONLY risultato_esame_riga
    ADD CONSTRAINT risultato_esame_riga_id_esame_fkey FOREIGN KEY (id_esame) REFERENCES risultato_esame(id);


--
-- TOC entry 2034 (class 2606 OID 24728)
-- Name: risultato_esame_risultato_riga_fkey; Type: FK CONSTRAINT; Schema: public; Owner: postgres
--

ALTER TABLE ONLY risultato_esame
    ADD CONSTRAINT risultato_esame_risultato_riga_fkey FOREIGN KEY (risultato_riga) REFERENCES risultato_esame_riga(id);


--
-- TOC entry 2168 (class 0 OID 0)
-- Dependencies: 6
-- Name: public; Type: ACL; Schema: -; Owner: postgres
--

REVOKE ALL ON SCHEMA public FROM PUBLIC;
REVOKE ALL ON SCHEMA public FROM postgres;
GRANT ALL ON SCHEMA public TO postgres;
GRANT ALL ON SCHEMA public TO PUBLIC;


-- Completed on 2016-06-11 16:51:57

--
-- PostgreSQL database dump complete
--

